,1,2,3,4,5,6,7,8,9,10,11,12,13,14,15,16,17,18,19,20,21,22,23,24,25,26,27,28,29,30,31,32,33,34,35,36,37,38,39,40,41,42,43,44,45,46,47,48,49,50,51,52,53,54,55,56,57,58,59,60,61,62,63,64,65,66,67,68,69,70,71,72,73,74,75,76,77,78,79,80,81,82,83,84,85,86,87,88,89,90,91,92,93,94,95,96,97,98,99,100,101,102,103,104,105,106,107,108,109,110,111,112,113,114,115,116,117,118,119,120,121,122,123,124,125,126,127,128,129,130,131,132,133,134,135,136,137,138,139,140,141,142,143,144,145,146,147,148,149,150,151,152,153,154,155,156,157,158,159,160,161,162,163,164,165,166,167,168,169,170,171,172,173,174,175,176,177,178,179,180,181,182,183,184,185,186,187,188,189,190,191,192,193,194,195,196,197,198,199,200
1,,4,5,,,2,,,4,,,4,5,4,,,,,,,,,1,,4,,5,,5,,,2,,,,,5,5,1,,,4,4,,,2,,3,,,,,,,,,,5,2,,,2,,,,3,,5,,5,,,,5,5,,,,,,3,4,5,5,2,,3,5,,4,1,,,,,4,5,,,,4,,,,1,5,3,,,,5,4,,5,,2,4,5,5,,,,,2,,,,,,,,,5,1,,,5,,,5,,,1,,1,4,,,4,3,,,2,1,,,,2,,3,3,,,,4,4,5,3,3,5,5,,4,3,,,5,,,,4,1,,,,,,,,4,,,,,5,,5,5,4,
2,5,,1,,,,1,4,,4,,,,2,,,4,,,,4,,,3,,,,1,3,1,,,,,,,1,,4,4,,,2,,,,,,,,,,,,,4,,1,4,4,4,4,4,5,,,5,,,,3,,,,2,,,,,,5,3,1,,5,1,5,,,,4,,4,,,,,5,4,4,2,5,,,5,,4,,,,,2,,,4,5,,,,,,4,,5,4,,,,5,,4,4,,,,,,,2,,,,,5,4,,,1,,,,,,,,,1,,,5,4,4,,,,,2,5,5,,,2,,,,,3,,4,3,1,,4,5,4,4,,,,3,,,,,,,,2,,
3,4,,3,2,,,,,1,,2,1,,,,4,5,,4,,5,,,,1,,,,,,,4,,4,4,2,,1,,4,5,,,5,,5,5,,4,,,,4,4,,4,5,,4,4,,,,,,,,,,,,4,,,,,,,,,5,,2,,4,,,,,3,,5,,4,4,,,,4,,1,,,,,,,,,3,,,5,,,4,,,,,,5,,,,,4,,,,4,,,,,1,,2,,,,4,,,4,,,,,,,,,4,4,4,,,,4,5,4,,3,,,,,,,,,,,,,,,,,2,,5,4,,4,,5,,1,4,,,,1,,,,,
4,,,5,5,4,2,,,4,,,,,,5,,,,,,1,5,2,5,,2,5,5,,,4,,4,,,5,,5,,,,5,5,,,,3,,3,5,,5,,,,,,,,,,,,,5,,,4,,4,4,,5,,,5,5,,,4,,4,,4,,,,4,3,4,,,,,1,,5,2,1,,5,,,,3,,,,,5,,,,4,1,,4,5,,5,,,3,2,,3,,5,,4,,,,,4,,,,4,4,,,1,,,,1,,4,3,5,,,,3,,4,,,,,,,5,4,4,,,,4,5,,5,,4,4,,5,,4,5,,,,1,,,,,,1,,1,5,5,,,4,,2
5,5,,2,,,,,,,,,,,,,,5,,4,,,,4,,,5,,1,,,,,,,,,,,5,,4,,,,4,,,,,2,4,,,4,5,,5,3,,5,,,4,5,1,,4,,1,,,,1,,,,,,,,,,,,,3,4,,,,5,4,5,4,5,,,5,5,,,4,,4,5,,,,,3,,1,5,,4,,,2,,,,5,,,5,,,1,,,4,,,,2,,,,1,,,,4,4,5,,,,,4,2,,,,5,4,,,,5,5,4,3,,,3,,4,5,,,,,4,,,2,3,5,,,,4,,4,4,3,5,,,5,,4,,,,3,,,
6,4,,3,,,5,,4,2,5,,,,3,,,,,4,,4,,,,,4,3,,,2,,,1,4,,1,,,,5,,,,,,,4,,,,5,,4,4,5,4,5,,,,4,,,,,,,,3,,,4,,,,2,1,,,,5,,,,4,2,,,,1,,,,,4,,,4,4,,1,,2,,5,,5,,,2,1,,,,4,,,,,2,5,5,,4,5,,,,4,,4,,,,,1,,,,,4,,,,,,4,,2,5,2,5,4,,4,,,5,5,5,4,4,,,,2,,4,,,,,,5,2,3,,,,,,,5,4,,4,,,,,5,,,,,1,3,,,
7,,,,2,3,,,4,,,,,3,2,1,4,,,,,5,,,3,,5,3,3,,,,4,,,4,,,,,4,4,,,4,4,,,,4,3,,,,5,4,4,,,,,5,4,4,5,1,,,,3,,3,4,2,,1,3,,,,,4,,1,,,,,,4,2,5,4,5,,,,,5,5,4,,4,,5,4,2,5,,,,,,4,,4,,,,,,4,,4,5,5,4,5,,5,,4,5,1,,,,,3,3,,5,4,5,5,,,4,,,5,,,,,,4,,4,5,4,4,,,1,,,,,4,,,,,5,,,,,,2,,,5,,4,4,2,,,,4,,4,,,3,,,2,4
8,,,,5,,,4,,,2,4,,,4,4,1,,3,,5,1,,,5,5,,4,,,,5,2,,2,,,5,,2,,3,,4,,,,1,,,4,3,4,3,,,2,1,,,,2,3,,,,2,,5,,,5,,5,,,,4,,4,,,,,5,,,,,,5,,3,,,,,,2,,,,1,4,,,5,,,4,5,5,5,,,3,3,4,5,,,,,,,,,,,,,,,,3,4,,5,,,4,,,,,,4,,,,1,,,,,,,,,3,,,,4,,5,4,,2,3,,,4,,,,5,,4,,4,4,,2,1,,,5,,,4,1,,,,,5,5,5,5,
9,,,,,,4,,,,,,2,,,,,4,,5,,,,5,,,,,3,,,1,,,,,,,,4,,,,2,5,,4,5,,5,,,,5,,,,,3,4,,,4,,,,,5,,3,,,,,,,,,4,,,4,,3,,5,1,4,2,5,1,5,,,,5,,,5,5,,1,,,4,5,,4,,,,,,,,5,5,,2,3,,4,,5,,,5,,,5,,,4,,4,3,,,,,,,4,4,4,,,,,,4,,,,,,5,,,,4,4,,3,,,,,,5,,,,1,,,,,,4,,3,4,5,,,,3,,,,,,,,,2,,,,4
10,4,,,,,5,2,,1,5,1,2,,,,4,,,4,1,5,1,,,1,4,,,,,,4,,,,,2,,,,,,3,4,,,,5,4,3,,2,,4,,5,,,5,4,,4,,,1,,,,3,,,,,,,,,5,,,4,,,3,4,,4,1,,,4,4,,,4,2,,,,,,,,5,,,,,,,,,,3,,4,,,,,,4,5,5,,,,,5,,4,,2,,,3,,,,2,4,4,5,,4,,,,,4,,,,5,,5,1,,4,,,,,2,1,,,5,,,3,,,,3,2,,,,,,,,5,,,,4,,1,4,4,,,3,,,,,4
11,,,,1,,,,,,5,,,,2,1,5,,,,3,4,,4,2,,,,,,,,,,4,4,,,,5,5,,,2,,5,5,,5,,,,3,,,4,4,5,3,,5,4,5,,,,5,,,,,,,,,,1,,4,,3,4,1,2,,4,,,,,,5,5,4,4,4,,,,,,2,5,,4,,,5,,,2,,,,2,,,,3,3,,,5,,4,,4,4,,4,,5,5,,5,,,,,,1,,5,5,,5,,5,,,,,4,5,,,5,,,,,4,,,3,,,,,,,3,,,4,,,2,,,,,5,,,5,5,,4,,,5,,,2,,2,,2,,4
12,5,,,,,,3,,3,4,,,3,,,,5,,4,,4,,,2,,,,3,,,2,,,5,,,,,5,5,,2,,4,5,,5,,4,,4,,4,,,4,5,,5,,4,,,5,,5,4,,,,,5,,,2,2,,,,,,,1,,5,,5,3,4,,5,,,,4,,1,,4,4,3,5,2,,5,3,,2,,2,,,5,,4,,,3,,,,5,5,5,4,,,,4,,5,,,,,,3,2,,3,5,,,4,,,4,,1,,,,,4,,5,1,5,,5,,,,,,1,2,5,,,3,3,,4,1,3,2,1,,2,,5,,5,4,,,5,,,,,,3,,,,3,,5
13,,,1,1,,,,4,,,,,3,,3,,,4,4,,4,,,2,,,2,,,,,,,,4,,,,5,,,,,5,,4,4,4,5,3,4,,4,,,4,,,,,,5,5,5,,,5,,,,,,,,1,,,,,,5,3,2,,,2,,2,5,,,,,,,,1,,,4,,,,5,,,,,,,,,,,,4,3,3,,,5,,,,,,5,1,5,,5,4,,,,1,,,,1,,5,,4,5,,4,,,5,,,,4,5,,3,,,4,,,,,2,1,2,5,5,,,,,4,,,,2,4,,,,5,4,5,,1,,,,,5,4,,,,,,,4
14,4,1,,,,,2,,,,,,,,,4,,,5,,5,,,2,2,,,2,,,,4,,4,,3,,,,,,,,4,,,,4,,,5,,5,,,,,,,,5,4,,,2,,,2,2,,,4,,2,,2,1,,3,,,,,2,,,,,,,5,4,5,4,4,,,,5,5,,4,,5,,,,2,,2,2,,4,2,4,,1,1,1,2,5,4,,4,4,,4,1,5,,4,5,,4,,,1,1,,1,,4,4,4,5,,,,,4,,4,5,,,,,5,4,4,5,,,,,,,,4,,,,,4,,2,,,,,,,4,5,4,5,,5,,,4,,4,3,,3,3,2,,
15,3,5,,4,4,,,2,,,,,5,,4,2,,1,,5,,,,,4,,,,4,,,,,3,,,4,,,,,5,5,,1,,,,,,,5,,,3,,3,5,,,,,,,5,,,,,4,,1,5,,5,4,,,5,,,4,,,,,,4,,,,1,3,,,4,,2,1,,4,,,,,4,,,4,4,,5,2,,3,3,5,4,,4,2,,,,1,,1,,1,,,,,,5,,4,,4,,,,,,,,,4,5,,5,,,3,,,,,2,2,,,,,4,,,,3,4,5,,,,5,,,,,5,,,,,,,5,3,5,,2,2,3,5,4,,4,4,,
16,5,2,,1,,4,3,4,,,,,,3,1,5,,5,5,1,,,,,,,,1,,,,4,,4,4,,,,4,,4,,,4,,,,4,,,5,,5,4,,,,,5,,5,,4,,,,4,3,,,,,3,,,2,,4,,,4,3,,,,,,,,,,,,,4,1,,5,4,,2,,,,4,,,,,,1,3,4,,4,,3,,,3,,,5,4,4,,5,1,5,,4,5,1,,1,,2,2,2,3,,5,,,5,,,3,,5,,5,5,5,5,5,,,,,5,4,2,,,,,5,,,,2,,4,,,1,,5,,2,4,,5,,,2,,,,4,,4,,,,,,,4
17,,,4,5,,,,,4,,,,5,4,5,,1,,,4,1,5,,5,4,,5,5,5,4,4,,,,,,,4,,,,,4,,,,,1,,4,,,,2,,2,2,5,,1,3,,,1,,,,,4,,5,2,,5,5,,5,,,,,,5,5,,5,1,4,,5,,2,,,,4,,,,,,,4,3,,,3,,,5,,,,5,,,4,,,5,1,,,,,,,5,1,4,,,,,,,5,4,,5,1,,,,3,4,,5,4,,4,,,,,,4,,,,2,,4,,,,,3,3,,5,5,,,,,5,,,,5,,,1,3,2,,,5,4,3,,1,,4,4,5,,,
18,,2,,,,5,,,,,,3,,,,5,4,,5,,4,,,,3,,,,,,,,,4,,,,,,4,,,,5,,,5,,5,,,2,5,,,5,4,3,,5,,4,,4,1,5,,2,,1,,4,,,,2,,4,3,2,4,1,,,4,,,1,,,5,5,4,4,,,,5,,5,,,2,,5,,,2,,,,,5,2,,5,,,,,4,,,,4,,,,4,,,,2,5,2,,,2,,,5,5,4,4,,,,,,5,,,,5,,4,,,4,,,4,3,,,,,5,4,,,,,4,2,2,,2,,,1,,,4,,5,2,,,,,,5,,,3,,,,
19,,,,,,,,4,,5,,,2,,,4,5,,5,,,,5,,,4,,,,2,,4,,5,5,,,,,5,5,,,5,5,,4,,,,5,,5,,,,,,5,,5,4,5,,,5,4,,3,,2,,,,,,3,,1,,5,,3,,5,,,,5,,,4,5,,,,,,,4,,5,,4,,,,,,,,,4,,,4,,1,1,,4,,,,,,,,4,,,,,5,,,1,,,,5,,,5,,,4,,,,,,5,5,4,5,,,4,,,5,,,,,2,,4,,,,1,4,,,,3,5,,,4,5,,,,,5,,,,,,,,,,,,
20,,,,,4,,,2,,3,,4,,,4,,,,1,5,,4,,,,,5,4,,,5,,4,,,,,5,,,,4,4,3,,,,,,5,,,,,,,,,,2,1,,,,,,1,5,4,,,,4,4,,,4,,,,3,,,5,,,,,,5,,,,2,,5,,,,,5,,4,,,4,,4,4,,4,4,1,4,3,,,,4,4,2,,,,,,,,,5,,2,5,2,4,,5,4,4,,,,1,,,,2,,5,3,5,3,,,,,4,3,3,1,,,,4,4,,5,,,4,,5,,2,,5,,5,,5,,3,,,,,,1,5,,,,,,,5,,5,4,
21,5,,,,,,,5,,,1,,,,,,,4,5,,,,4,,3,,,,,,,5,3,5,5,,,,4,,5,,,,5,,,,5,,,,4,,4,4,4,,4,4,,4,5,,3,,4,,3,1,,5,2,2,3,,,,1,3,5,,2,,5,,,3,,,5,,5,4,,1,,,,,,4,,4,4,,,1,,,1,,,,4,,,,2,2,,,,,,,4,,,,,5,,,,,,,,,,,4,,,,,3,,,,4,,4,4,,1,,4,,4,,,,,,,4,5,,,,,,,,,,5,,,,,5,,5,,,,,,,4,,,,2,,,4
22,5,,,3,,,,5,,,,,2,3,,,4,4,,,5,3,,2,,5,2,,,3,,,,4,,1,,1,5,,5,,,5,,5,4,,,3,,2,,,5,5,5,,,,5,5,5,4,,,4,,,,,,3,,,,2,4,1,2,,2,,,5,3,,1,4,,5,,,,5,,,4,5,,2,,,,5,,,,,,,,5,,4,4,,,,,4,4,4,5,5,4,4,1,,,,,,5,,,,,1,1,,,,5,5,,5,,,4,,,,5,5,4,,4,4,4,5,,,,,,,,,,,,,,,,3,,5,,,4,5,,5,5,,4,,,,,4,,,3,,2,3,5
23,,5,4,4,,1,,1,,,,,5,5,,,,,,,,,,4,,,,,5,5,4,,4,,2,4,4,,,2,,,4,,,,,,,,,,,,,,,,,,,1,3,,5,,,4,,4,4,1,4,,,5,,,4,,1,5,4,4,,,,5,2,,,,,,,4,,1,2,,,,,,,,,4,5,5,,4,2,5,,2,5,,5,,,,,,1,,1,4,,,,3,,,4,,5,,,,,,,,,,,,5,,,,,2,,,5,2,2,,,,5,4,5,4,5,,2,4,,,4,,,5,5,4,2,5,5,1,,,,,4,,,5,,,,5,,5,,4,4,
24,,,5,4,4,,,,5,,5,,5,,5,2,,,,,,,3,,,,,5,,,5,2,4,,1,4,5,,,,,4,,,,,,,,,,5,1,1,,,3,5,,1,,2,,,,,,,5,,,,,,,4,5,2,4,5,,,4,4,2,5,1,,,5,,3,,,,4,,2,,1,,,5,,,,2,4,,5,,,,,,,,,,,,,3,,,,3,,,4,,,,2,5,4,4,4,4,,,,,3,,,2,,,,,,,,1,,,,1,,,,,,4,,,1,,,4,,5,,,,,4,,,,,,,,,,,4,,,,2,,5,,,4,,1
25,5,,,,,,,4,,5,,,,,1,5,,4,5,1,4,,,,1,,,,2,,1,,,,,1,,,,4,5,,,,4,4,,5,,,,,4,,,5,4,,5,4,,4,,,,,4,,2,,,5,,3,2,,2,4,,,,3,,,5,2,,,4,,4,,,5,,1,,,,5,2,,,5,4,1,5,2,,,3,3,,,5,,3,3,3,,5,,,4,,,,,4,,,5,,,,2,,,,,,4,,,5,2,4,,,4,,,5,5,,5,1,4,,,4,4,,,,,,4,,,2,,,,3,2,2,,4,,1,,,5,5,,,5,,,5,,5,2,1,,,,3,
26,,5,4,5,5,1,4,,,1,,,,,5,,,,1,5,,,,5,4,,,,,,4,,,,3,,4,,,3,2,5,4,,,,,,,5,,5,,,,,,5,,,,,,,5,2,3,,4,,5,3,,,,4,5,,4,5,,,5,4,,4,,5,1,4,,3,,,,,5,3,3,,4,,,,,4,,,,,5,5,2,4,,,4,,,5,3,,,,,,,5,,4,3,,4,2,4,,4,,5,5,3,,3,2,1,,,5,4,1,,,,,,3,,2,,,2,3,4,,,,4,,,,4,5,5,,,5,,5,1,,,,,,,,4,,,,,,1,4,5,5,5,,,
27,,5,,,,,4,3,4,,,5,4,4,,,2,2,,,,5,,,,,4,,5,,5,,,,,5,5,4,,,,5,4,,,,3,3,,,3,,,,,,,,,,,2,,1,4,,,,,5,,1,,4,4,,,,,4,,,5,,1,,,5,2,,,,,1,1,,,,,,4,,,,1,4,,5,5,4,,,,5,,3,5,4,,4,,,,,,,,4,,5,,3,4,,,5,,,5,4,,,3,,,,2,5,,,5,,,,,,4,,2,,,,5,,,5,,,2,4,,,,,,5,,5,,,,,,,,,,,5,,,3,,5,4,4,5,5,5,
28,5,,,1,,4,,4,,,,,,,,,,5,,,,1,5,,,5,2,,,,,4,,5,4,,,,,,5,,,,5,5,,,,,5,2,5,,,,5,,4,,,4,,5,,5,,,2,,,4,2,,2,,,5,1,,,2,1,,,,,,,,4,5,,,5,,1,,5,,,,,,,,,,1,,,,4,2,5,,,2,,3,5,5,,5,,,,1,,,5,,2,,2,,3,,,,4,,,4,,,5,1,,5,,4,5,4,,5,1,,5,5,,5,,2,,,1,,,,,3,,,,,,,4,,,,4,,4,,2,,,,,5,,,2,,,,,
29,,,,,2,5,3,,,,1,,,,,,5,4,5,,5,,,,,,,,,2,,5,,,,,,,4,5,4,1,1,,,5,4,4,,,4,,,,5,,5,,5,,4,,,4,,4,5,3,3,3,,4,,,,,,4,,,,,,1,4,,4,,4,,5,5,4,5,4,2,3,4,,,,,,5,5,2,,,,2,1,,4,,4,5,,1,,1,,,,4,4,,5,,5,,,4,,4,,2,,,,,,4,,,,1,5,,,4,,5,,,4,,,,,,,4,,2,2,,,,4,,,,,4,,3,,,,3,,4,4,,,4,1,5,,,,,4,,3,,,,3,5
30,4,,,,,,,,1,,2,,2,,1,,5,4,4,,,,,,3,,,,,,2,,1,,,,1,,,4,,,,5,,4,,4,4,,4,,,,,4,5,,,,5,,,,3,,,3,,,,4,,3,2,,,,,,,,,,,3,,,,2,4,,,4,5,,,4,,4,,4,,,,,5,,,3,,2,,1,4,4,1,,,,5,5,5,4,,,4,,,2,,5,,4,,,,,1,3,4,4,,5,,,,,,,,,,5,5,,2,,4,5,,,,,2,,,,,,,,,,,,,3,4,,,,,4,,5,1,4,,2,4,4,4,,,2,,2,1,4
31,,5,,4,,,,,4,2,4,5,5,4,,,3,,,5,,,,,4,,,4,5,,5,2,5,,,,,4,,,3,5,5,,,,,,,,,,,2,,2,3,5,2,,,,,2,,,,5,4,5,5,,,,,,,3,,,,4,,5,,5,,5,,5,1,,,,1,4,,,,,4,,,,,4,,4,4,,,,2,4,,,,,,5,,,,,,,,,,4,,,5,,,4,,5,,,,,,2,,5,,,4,,4,,,,,,,,,1,,,,,,5,5,,,,,4,,2,,,,,,,4,1,3,,2,,,,,4,,2,,,5,5,,4,,
32,,5,,5,,1,,1,5,,,,4,,5,,,3,3,,,4,,,4,1,,4,,,,,5,,,4,,,,,,,5,,,,,2,,4,3,,,,1,3,2,,,2,,,,,4,,,4,,,5,,,,,4,,2,,,3,,,,3,,,4,,5,2,,,,1,,5,,,,,3,,1,,4,,,5,,4,,1,5,,,,,5,5,,,,,1,3,,5,,4,,,,2,4,4,4,,,,,,,,,,1,5,5,,,,,,2,1,,,,1,,,,,,,,1,1,4,,,,,4,5,,,,,5,,,,3,3,,,5,4,,,,,4,5,4,4,,
33,,5,,5,,,,1,5,3,,4,,4,,2,1,,2,5,3,4,,5,,1,5,4,4,,,,,,3,5,,,,,,,,,,,,,,,,4,1,,1,,,,,,1,,,,,2,,5,5,5,,2,,4,,,4,,,,2,4,4,,,5,,,,,,,,,,,,3,3,,,,,,,,,4,,4,,4,3,,,3,,,4,,,,2,1,,,,5,,,3,,4,,,5,,,5,4,3,,3,,3,,2,4,5,3,,,,3,,,,,,1,2,2,5,5,4,4,4,2,,,5,,,1,,5,4,,,4,4,2,,,,,,,4,5,1,,2,,4,4,5,4,5,
34,,5,5,,5,,4,,,2,5,,,4,5,,,,,4,,4,,,5,,,4,,4,5,,4,,,,4,,,1,,4,5,2,3,3,,,,4,,,,,2,,,4,,3,,,,,4,,,,5,,5,1,5,4,4,,4,2,4,,,5,,5,3,,1,5,,,,,,,,4,5,,,2,5,1,,1,1,,2,,,,4,,,4,,1,4,,,4,,2,,,,,1,,3,,,,,,,5,,,,4,,,,,,5,1,4,,,,1,,,,,,,,,,,4,,,4,,,,,,,5,1,4,,5,5,3,,5,1,2,3,2,,5,,,4,,3,,5,4,5,4,,,
35,,,2,3,,4,3,,,,,,2,1,,,4,,,2,4,2,,,,4,,2,,,,4,,,,,,,4,4,,2,,,,4,,,,,,,5,,,4,4,,,4,,,5,,2,4,5,,,2,,4,,,,,,,1,,4,,1,3,4,1,4,2,,,5,5,,4,,,,,,,2,4,,4,5,,,,,,,1,,,,,,,,1,,,4,,,,4,,5,,4,5,,,3,,,,1,,4,4,,,,,4,,,4,,,,,,4,,,,4,,5,,,,1,,5,,,2,1,,,2,,,,5,,,4,,,4,,2,5,,,,4,4,,,,,3,,4
36,4,,,,,5,,,,,,,,1,,,,,,,4,2,4,,,,,,2,,2,,,4,,1,,,4,5,,,,4,,5,5,5,5,3,4,,,5,4,5,,1,5,5,5,4,,,1,4,,,,,1,4,,,,,,4,,,5,,,,,,,,,,4,5,,,,,3,4,4,5,,5,,,,1,4,,1,,,3,,2,5,4,,3,,3,5,,4,,4,,4,,,,,4,2,,,3,,,,,5,5,,4,,,,,,,,4,,5,,,3,,,,,5,,,,,,,5,,2,,1,5,,,,,,,3,,,,4,4,,4,1,,4,5,,,,3,,,,5
37,,,,,1,,,4,,5,,,,1,,5,4,5,5,,4,,,2,,,,,,3,,,,4,,,,,5,4,4,3,,4,5,5,,4,5,,5,,,4,5,,,1,4,,,5,,5,,,4,,,2,,4,,,,,,,,,5,1,1,,4,,4,,4,1,,,,,,3,,,5,5,3,5,,,,,5,,2,,2,,4,1,,5,,,,,4,4,,,5,5,4,1,,,4,,1,4,,,,,,,,,,,5,,4,,,,,,,,,,,,5,,,,,1,2,3,3,4,,2,,,,4,,,,,4,3,,5,,5,,,,,2,,4,4,4,,1,,,1,,
38,,,,,2,4,,5,,4,,,,,3,5,,5,4,1,,,,,,,,,,,,4,1,,,,,3,,5,4,,,5,4,,5,4,,3,,,,,,,4,1,5,,5,,5,,,,5,2,,,2,,,2,2,3,,,,,,,2,,5,,5,1,,,,5,,,,,,,4,,1,,2,,,2,,,,3,,,5,2,5,,1,,,,,,5,,4,4,,,5,,4,4,2,,,,1,,,,,,4,4,4,1,5,,,,,5,,,4,,,,4,,5,4,2,,,,,,5,,,,,,,2,,3,,,,5,4,,,,1,,,,4,,4,,,,3,,,4
39,,,,,3,,,5,3,4,,,,,,,,,5,,,,,,,,,,2,1,2,,,,,1,3,1,,4,,,,,4,4,5,,,,5,,,5,,5,,,5,,4,5,4,4,,4,,,2,,,,,2,2,1,,,2,,4,1,,3,,,4,,5,,,4,5,,,,1,5,5,5,,,,4,4,,5,,2,,,,,,4,5,,,3,3,4,4,4,,,5,4,,4,,,5,,4,,,,3,3,,,5,4,,,,5,,,,,4,,4,,,,,,5,4,5,,1,3,,2,4,,,,,,,,,,,4,1,,5,,,5,,1,,,,,5,,,,3,,,,4
40,5,,,,1,,3,4,,,,,3,,,,4,,4,,,,,,,5,,,,1,,5,3,,,,,1,5,5,,2,,4,,5,4,,5,,4,,4,4,,4,5,,,,,,,4,1,4,,2,,,,5,,3,,,,5,,,,,,,4,,5,,5,2,,,4,,,,,,5,5,2,5,,,,,,2,,,,1,,,5,4,,3,,,5,4,,4,4,,,,,2,5,4,1,5,3,,,,,,4,,5,,5,,,,,,,4,5,5,4,4,,,,4,4,5,,,3,,,5,,2,,,,5,3,1,,,4,,,,5,4,4,4,,,2,,,5,,,,,,,3,4
41,,3,,,,5,2,4,1,,2,,,,,4,5,,,,4,2,4,,,,,,,,,,,,5,3,,,,,,,,,,,,,4,,4,,,4,,,5,2,,,4,,4,5,3,,5,1,3,,1,,,1,,,,5,3,,5,1,,,4,,,,,3,,,4,4,5,,,4,,,,4,,,5,,,,,,,,,1,4,4,,,,,,4,,5,,4,,3,,,5,,,4,,,,3,2,1,5,,4,5,4,,,3,,,2,,4,5,,4,,,5,5,5,4,,,,,2,,5,,,3,,5,2,,,,5,,,5,4,,5,5,,4,2,,4,,4,,,,,,,5
42,,,2,,,,2,,,4,2,,,,2,5,5,,,,,,4,2,,,,1,,,,,1,5,5,,,,4,,5,,3,,,5,5,5,,,4,,4,5,4,,,2,,4,4,5,,,,5,,,2,,,5,,,,,,,,,,3,,,4,1,,,,,5,5,5,,4,3,3,4,,,,4,,,,,5,,,,3,,4,3,5,4,,,,3,5,,,4,,5,5,,5,,,,,5,,,,,1,,5,,5,4,,3,,,,,,5,,4,5,,,5,,5,,,1,,,,,4,5,1,,,,5,,2,2,2,,,2,,5,,5,,,4,,1,,,,,1,,2,,,
43,4,,,2,,5,,,,,,,,1,,,5,5,,,4,,,,3,,,,,,,,,,,,2,,,5,,,3,,,,5,,,,5,,4,4,4,5,5,,,,,,,5,,5,4,3,,,,5,,,,,,5,,,,1,,,,,,,,,4,,4,5,5,,,5,,,,4,,4,,,,1,3,,,,5,,,,3,3,,,,,,,,,,,5,,,,1,,,3,,,,2,4,4,5,4,,1,4,,,4,,,,5,,,2,,,,,4,3,,,,,,5,,,,,5,,1,,2,5,,,,,,4,5,,,2,1,4,5,,,,,2,3,,5
44,,3,,,,,2,5,,4,,,,,2,,,5,,,,,,3,,,,,,,,4,,,,3,,,4,,,,,,,4,,,4,,4,,,,,4,,,,4,4,,,,,,4,,,,,5,1,,,,,,1,,5,,3,2,4,,5,,4,,4,,,5,,,,4,,,,,,,,,,,1,,1,1,,,,,1,3,3,,4,,,4,5,4,5,2,,,5,5,,4,,,,,,,,4,,,,,4,,,4,,4,,4,4,,3,,,,5,,1,,,1,,,5,,1,,,,,,,,,,,4,,4,,,,,3,,,,5,,,1,2,,,5
45,,,,,5,,,1,5,,,5,,5,,2,,,,,1,,,,,,,5,,,,2,,,,,5,4,,,2,5,4,,3,,,,,4,,4,3,,,,,5,,,,2,,,,,,,,4,,2,,4,5,5,4,,5,,,,4,,,,3,5,3,4,,1,,,,,5,,1,,4,,5,,1,4,,,4,4,5,,1,,,,5,5,5,,,,2,2,1,,,,,5,,,4,,4,,4,5,5,5,,,,,,,,,,3,,,,,,,,,,3,2,,,,4,,4,,3,4,4,4,5,,5,,4,5,,,5,,,,,3,5,,,5,,,,4,4,5,,,,2
46,5,3,2,2,,,2,4,3,,,,,,,,5,,4,3,5,2,,,,,,,,,3,4,2,4,,,3,,,4,,,,5,,5,,4,,2,,,4,5,,5,4,,,4,,,5,4,,4,,,,,,,,,,1,,5,,,5,,,,4,,,,,1,,,4,,,,,5,5,,2,4,,5,4,,5,,,2,,,4,,5,,,3,,,,,4,,4,,,,,,,4,,5,1,1,,,,,,5,5,,,,5,,,,,5,5,5,,4,,5,4,5,,,,,,,2,,4,,1,,,5,1,,,2,,,,,5,,4,,3,,,,,,,,,2,,1,,4
47,4,,,,1,4,,,,,,2,,1,,,5,4,5,,4,,5,1,,,,,,,,5,,4,,3,,,4,5,,,3,,5,4,,4,4,,,,,5,4,5,,,,,4,,,5,,4,5,,,1,,,3,,2,,2,,,,,,,,4,,4,,,,,4,5,5,,,,5,4,5,,,,,4,,,,,1,,,5,2,,5,,3,,3,4,5,5,5,5,,5,,,3,,5,,4,,1,1,1,,,4,5,4,,,,,,,,,5,4,5,5,,3,5,,4,4,,,,,,,4,,,,,,5,,,1,2,4,2,,,5,,,5,3,,,,4,5,5,,1,1,,,,
48,,4,,5,4,2,5,,,,,,,4,4,,2,3,,5,,,2,4,4,3,5,5,4,,,,4,3,,,,5,3,,,,5,,3,,,,1,,,5,,,3,,,4,,,1,,,,4,,2,4,5,5,4,,,4,4,4,,3,4,5,1,5,4,5,,,,4,,,3,,1,,3,5,5,,,,,1,4,,,4,,4,,4,,,,4,1,,5,,4,4,1,,3,,,,,,,,,2,,,5,,4,5,,5,,1,,,,,1,5,5,,5,3,3,,,,,,,,2,,,4,5,4,4,,1,,,4,5,,4,,,4,3,5,,,,,,,5,,5,5,,3,,,4,,5,,4,
49,3,5,,4,,,5,,,,4,,5,4,5,,,3,,,,,,,5,,,,5,5,4,,4,,1,4,,,,,,,,,,,,,3,,,,,,,,1,,,,,,,,,,,,,,,,,5,5,,5,,4,5,2,5,,,,,,4,,4,,,,2,,,4,3,,,5,,,,,5,3,4,,,4,5,1,,,,,4,,5,,,,,,1,3,,,,3,,4,,5,5,,5,4,,,,,,,,,,4,,4,3,,,,1,5,,,,1,2,,,,5,,,,4,,4,4,1,5,,4,,,5,4,,,1,,,5,2,,,,,3,4,4,5,,,,
50,,,3,,,5,,,3,,,,,,,,5,4,,1,4,1,,,,,2,,,,,,,,,,,,5,,,,2,,5,5,4,,5,,,,,,5,4,5,1,4,,,4,,,,,4,,,3,,,,,1,,2,4,3,,4,,1,2,5,,5,2,,,,,,,5,1,,,4,,,4,,5,4,,5,,,1,,,,2,5,,,,,,,5,,5,,4,5,1,5,,,5,,5,,,,1,,,4,,,5,4,,5,,,4,,5,,,,4,,,4,,4,,3,,,2,,,4,,1,,,4,,,,1,,,,4,5,,,,1,,,,,5,,,,2,,,1,5
51,5,,1,,,,,5,,4,2,,,,,5,,4,,3,,,5,1,,,1,,,1,,,,5,4,3,,3,,,,1,,5,5,,4,4,4,,5,,5,,,,4,2,5,,5,,,5,,,4,3,3,,,,,3,1,,,5,,2,,,,3,4,2,4,,,2,,,4,,5,,,,5,4,3,4,,,,2,5,,2,,,,,,4,,,2,2,1,5,5,,,5,,,,,,,,1,,,,3,,3,2,,4,,,5,,,,,4,,,4,,5,,,,,,,,,,1,,3,,5,,,,3,,,,,,4,,,,,,,4,1,,,,5,5,,1,,,,,3,4
52,,,,,2,,,,3,,,,,,3,4,,,,,5,,,,,,,,1,,,5,2,,4,,,,4,5,5,,,5,4,5,4,5,4,,,,,,4,4,4,,,,,5,4,5,,,4,,,,3,4,,,,,2,4,,,4,,,,,,4,,4,,5,4,,4,4,2,3,,,,3,,,5,,2,5,,3,2,,,4,,,,,,2,,,4,4,,4,4,4,3,4,,4,,,5,,2,,,,,,,5,,4,,,,,,3,5,4,4,,,,5,,5,,5,,2,,,3,,5,,1,2,,5,,3,1,,,,1,,,,4,4,2,5,,,5,,,,,,,1,,
53,,,,5,5,,,,5,,,5,5,,,,,,,4,,4,,4,,,5,,4,5,4,,,3,3,,5,,,,,5,5,,,1,,2,,,1,,,,,,,4,,,,,,,,,2,5,,4,,,5,4,,,4,,,,1,5,4,4,,,,,,5,,2,,,,,5,,,,,,5,,1,4,2,,4,,4,,2,,,,,5,,4,,2,,,,,3,,3,5,,,,,,,,4,,4,,,,,,5,,,4,,4,,,1,,,4,,2,1,2,,,,,,5,,,,,5,,,,,4,5,,,,,,1,,,4,,5,,,,,5,5,,4,,,2
54,5,,,,,,3,5,1,4,,,,,,5,4,,4,,,,5,1,1,,,,3,,1,,,,5,,,,4,,5,,,5,4,5,5,4,,,5,2,,4,4,4,5,,5,5,5,5,,5,,5,,3,,,2,,,,,,,5,2,2,,,,,,,4,2,4,3,5,,,,,3,3,5,5,5,3,,,,,,,,,,3,1,4,,5,5,,,,,5,4,4,,5,,4,,5,,5,4,2,4,,2,,,,,5,4,4,,5,,,,,,,,4,,,,3,4,,5,5,,1,,,,,,5,,,,,,,,,,,,,,5,,,,,4,,,,,5,,,1,,,3,5
55,4,,,,,,,,3,,,,1,,,,,,,,5,,5,,2,5,1,,,3,,,,5,,,,,,,,,,,4,5,5,4,5,,5,,,,,4,5,,,4,,5,4,4,,4,4,,,,,4,2,,,,2,,1,,,,,,4,,4,,4,,,,,,,2,,5,4,4,,5,,4,,,,,1,,,,5,1,5,,,,1,2,4,,4,,5,,5,1,,,4,,3,4,,3,2,1,,,4,,,4,5,,,,,5,2,,4,,,5,,,,5,5,,2,1,1,2,,,4,,,,,4,,,,,,,,,4,4,,,,5,,,,4,4,,,,,,3,
56,,,,,,,,,,5,,1,3,,,5,5,4,,1,5,,,,,,,,,,,,3,5,5,,,,,,5,3,,,,4,,,,,4,,,,,5,,,,,5,5,5,,,,,,3,,,5,,,3,,,,,1,,,,,,1,,2,4,,,,4,5,4,3,3,,4,,,4,,4,5,3,5,,,,,,4,,,,,3,,2,,,,5,,5,,,4,,,5,2,,1,,,,,,,,4,,4,,5,,,5,3,,5,,5,,,4,5,,,,,,,,,,5,,,,,,,,1,,,3,,5,5,5,5,5,,,,,,,,,,,,,,4
57,3,,,,,1,5,,,1,,5,4,,4,3,,1,3,,,5,,5,,,5,4,4,4,,,4,,,,,5,3,,,5,4,,,,,3,,,,,,,,,,,,,,,,,,,3,,,,,,,,4,5,,,,,,,,,,,,4,3,,,,,,,4,,,,,5,3,,,3,5,,4,,5,,,1,,,1,,,,5,,,,,,1,,4,,4,,,,,4,,5,,5,4,,3,,2,1,4,,5,,1,4,,,1,,,,1,,2,,1,,4,,4,4,,2,,,,5,,,,,5,,,4,,,2,,,4,3,5,,,,1,,5,5,,,4,
58,,,,,3,5,,4,,,,,1,3,,,,,,1,4,,,,1,4,,,,2,,,,,5,,1,,5,,,,2,,,,,,,,,,5,,,4,5,,,,4,,,,,4,,,,,,,,,3,,,5,,,4,,,,,,,,5,,4,,,,,,,,5,4,2,,,,,,,,,,,2,,,,,,,,,5,4,5,,5,,,,4,1,,,2,,,,,1,,3,5,5,,,,,,,,5,,4,,,4,4,,4,5,,4,,,,,,,,4,,,,,4,3,,3,2,,2,,,,,,4,,,,,5,,5,3,,,,,,5
59,,4,,,4,1,,,4,,4,,,,5,,,,,5,,,2,5,,3,5,5,,4,4,1,5,,1,4,,5,2,3,,,,,1,3,,,,4,,,,,2,,,,2,,1,2,,1,,3,,4,5,,4,,,,,,5,1,,4,3,5,4,5,,,,5,,5,,,2,1,,4,5,,,2,,,,3,,,,,,5,5,,,4,,,,,,5,,2,,,,1,2,,3,4,,,,3,,5,5,,4,4,,,2,3,,5,,,,,,1,2,,,,,,,,1,,,,4,5,,,1,4,,5,4,,,4,,4,,,,,,,1,,,1,,4,3,,,,5,4,4,4,5,
60,2,4,,,4,,4,1,,,,,,,,,,1,,4,2,,,4,5,,,5,4,,,,5,,2,5,4,5,,,,,,1,,,,1,,,,4,3,1,2,,,,,1,,1,,2,4,,,,,,4,,,5,4,5,,,,4,3,4,5,,,,,,,4,,,3,,2,5,,,,,,,5,,,5,,,,,,5,,5,2,2,4,4,4,5,,,,,,,,,,5,,,,,4,5,,5,,,,3,,,,4,,4,4,,,,,,,,5,,,,,,5,5,4,5,4,,,4,5,,4,,4,,,4,,,,,,,1,,5,,4,,,,,,,,4,5,,1
61,,,3,,,4,,,,,,,,,,4,,4,,,,,4,,,,,,3,2,,,,4,5,,,3,4,4,5,,,4,4,5,,,5,,,,,4,5,5,,,,,,,,5,,5,,3,,,2,,3,,3,,2,,,,4,,,,,3,4,,,2,5,5,4,,5,,3,4,,,,,,5,5,,4,,,,3,,,,,4,,1,,,4,,,4,,,4,,5,,5,,,,,,,3,,,5,5,5,5,5,,4,,,,,,4,4,4,,1,5,5,5,,4,3,,,3,2,,,,1,2,,,,,,,4,,,,,4,5,4,,4,,1,,5,5,2,,3,3,,,4
62,5,,,,,5,3,,,,,,1,,,4,5,4,,,4,,,3,,5,,,,2,,4,,5,,,,,5,,5,3,,,5,,4,,4,,4,,,5,5,,5,,5,4,,,4,4,,5,,,1,,,4,,,3,,,,,,4,,,2,,,5,,,,4,,,,,,,5,5,,,4,,5,,,5,3,,,,2,5,3,,4,1,3,,,,,,4,,,,,,,5,5,,5,1,,,,,2,,,,,5,,5,,3,5,3,,,,,5,,,5,5,4,,,,,,,,,,,1,3,5,,,3,,,,,,4,5,5,,,4,,,,4,4,,,1,2,,,4
63,5,,3,,,,3,,,4,,,,,,5,,,,2,5,,,,,4,,,,,,5,,,,,,,,4,5,,,,,,5,4,,,4,,4,5,5,4,,,5,5,,,4,5,,5,,,2,,,,,,1,,2,,,,,2,3,,4,,,3,,2,5,5,,,,3,,5,4,5,3,,,4,4,,,2,,,,,,2,5,5,2,,1,,4,,,5,,,4,,5,,5,5,,5,3,,,,,,5,,5,5,,,,2,,5,3,4,5,,,,,,4,,5,,,,,1,,,,,2,,1,4,,,,,,3,,4,5,5,5,5,,,,,,4,5,,,,,,,
64,,,,,,,,5,,,,2,1,,,4,,,,,,,5,,,,3,,,,,,,,,,,,,,4,,,4,,,,4,4,,,,5,4,,,,1,,,,4,4,,,5,4,,,2,1,4,,,3,,,,,,,,,2,,,,,5,2,,5,5,,5,1,,5,,5,2,,,4,,,4,3,1,,,,5,,5,,,,,2,4,,,,,,,,4,,,4,,,,,,,2,,,4,,,,,,,,5,,5,,5,,,1,,4,,,,2,,,,,,,3,2,,,4,,1,,,,,,,,,4,,,5,,3,,4,,,,,,,,4
65,5,,,,,4,,5,2,,3,,2,1,,,,4,,2,,3,,,3,,1,,,,,,,,,,,,5,4,4,,,4,,,5,5,,3,,,,5,,,5,,4,4,,5,,,,,4,1,,2,,4,,1,1,,2,,,,,,,1,,,,3,4,,5,5,4,5,,1,,,,,,,,5,,1,,,,1,,,,,,5,,,,2,,,5,4,4,5,4,,,,,,,,,3,,,,1,,,4,5,,,,,1,4,,4,4,5,,,,,5,,4,5,,,,,,4,5,2,,2,,,,,,,4,,,,,4,,4,3,,,,4,,,,,,,,,4
66,,,,,,,,4,,5,,,,,,,,4,4,,5,,,,,5,,,,,,4,,4,4,,,2,5,,5,,3,,,5,4,,4,,4,,,,5,,5,,,4,5,,5,,,,4,,,,,4,,,1,2,,,,,5,,3,1,,3,5,,5,,4,,5,,,,,,,5,,,1,4,4,,5,2,,,,,5,3,4,5,,3,,,,,,,4,5,,1,,,,,,4,,,2,,1,,,4,,4,5,,,,,5,1,,5,4,,,,4,4,5,,,,2,1,,1,,5,,2,,,,1,1,,,,,,,4,,5,,,5,,,4,4,,,,,,,1,
67,5,,3,,,,1,,,,1,,,1,,,,,,,,,,,2,,,,2,,,5,3,5,4,,1,,,4,4,,,,5,4,5,5,5,,5,,5,,4,,,3,,,5,,,,,5,,,1,,3,,,1,,,3,,,3,,1,,,4,,5,,4,,,5,5,4,5,,,5,4,,,,,,5,,,,,,,,,,4,,,,,2,4,5,,5,,4,,,4,,,,,,3,2,,,,,,4,,4,,,4,,2,4,1,5,5,,,,,,4,,,,,,,,,,,,,,1,,,,,,,,,,,,,4,1,4,,,5,4,,,2,,,,1,4
68,,4,5,,,,4,3,,,,4,,4,,,,,3,5,,5,,,5,3,,,4,,4,1,,1,,,,5,,,1,4,4,,,2,3,1,2,5,3,,,3,,,,,,,,,,1,,,,,5,,,,,,5,4,5,,,,,4,5,,,,,5,,,,,,,,5,,,,,4,,4,,2,,,,,4,,5,1,,,,,,,,,,3,,,,1,4,,4,2,,4,1,4,5,,4,,5,1,,,,2,4,,,4,,5,,1,,,,,,,,,,4,4,5,5,,,3,5,5,,,3,4,4,,4,1,4,4,,,3,,,5,,4,,,,,5,4,5,,5,,1
69,4,,,,1,5,2,5,,5,,1,,,,5,,,4,,4,,,,,4,,2,3,,,4,,,4,,1,,,,5,3,2,5,,5,5,5,4,,,,4,4,,4,4,,,,,4,5,,,,5,2,1,,,,,1,1,3,,,,1,5,2,2,,4,,,,,,,4,5,,5,3,3,4,,4,,5,,5,5,,,1,,,,,4,1,,,,,1,,4,5,4,5,5,4,5,,4,,4,,,,1,,,,1,,5,5,4,4,,2,4,,3,4,,4,5,,5,4,1,,,,,,,,,2,,5,5,,,,,,,2,,,,1,3,5,4,5,5,,,,3,,5,,5,2,,,1,,3,4
70,5,,,,,,,,,,,,,,,,,,5,,,,,1,,5,2,3,2,,,,,,,,,1,,,,,,5,,,,5,,,,,5,,,4,4,,5,4,,,,,3,5,,,,,,4,2,,1,,,4,,,,,,3,,,,2,,,5,4,,5,4,,,4,,5,,,,,5,1,,,,,3,,4,3,,4,,,,,5,4,4,,4,,5,,4,2,,,1,,2,,,1,,1,4,4,,5,4,,,2,,4,,5,,4,,,,4,,,5,,1,,,,1,5,4,,2,,,5,3,,,,,,1,,5,,,,,,3,,4,,,,,,,,,
71,,,,,,,3,,,,,1,,,,,,,4,,5,,,,,4,,,,,,,,4,5,,3,,,,4,,,,,5,4,,5,,4,,,4,4,5,,,4,,,4,,,,5,4,,2,,,4,3,2,,1,1,,,2,,2,3,,5,,,3,5,,,5,,5,4,,2,,5,,,,1,5,4,1,,,,,,,4,,,,,,3,,4,5,4,,5,5,5,,5,3,,5,,,,1,,,,,,,,,5,,4,,2,4,,4,5,5,4,5,,5,,5,4,,,2,,,3,,,,,1,,5,,,,1,,,,,,,,5,,4,,,4,4,5,,,2,,3,,5
72,3,,,,,,,,5,,4,,5,5,4,1,2,,,4,,,1,,,,,,4,,4,,5,,,4,4,,,1,,5,4,,,1,,,,5,3,4,3,3,2,,,,,,,,,2,4,,,,4,,,,4,,5,,4,1,,,,,5,,,5,,4,,,,2,,,,5,,,,1,4,,5,1,,5,,5,5,4,,5,1,,1,3,,5,,,,,,,3,,,,3,,,,4,,5,5,,5,,,1,,,,,,,,,,,,,2,,,4,,,,1,,4,,5,,5,1,,5,,,4,1,,5,4,4,,4,,,,,2,,,,,,2,,1,,4,4,,5,4,
73,4,,,,,5,2,5,,,,,,,,4,4,4,,3,5,1,5,,2,4,,,,,,,,4,4,,1,,5,5,,,3,,,,,5,,,,3,,,,,,,5,5,,5,5,5,,,5,,3,,,,1,,,,,4,,,4,,1,1,4,,,3,,,4,4,,,4,,,,4,,,,,5,,,5,2,,,,1,,,4,,1,,,,,,5,5,,5,,2,,,,,,,,,,,,3,,5,5,,5,,4,3,,4,,,,,5,4,,,,,,,2,2,,3,,,,,1,1,,,,3,1,3,4,,,5,5,,5,5,,,,,5,5,,,,,2,,,5
74,,,5,4,,3,5,,,,5,5,5,,5,,,,,5,,4,,4,,,,4,,,5,,5,,,5,,4,,1,,5,,,2,,,,,,3,4,,,3,2,,,1,,3,2,,1,,3,2,,,,5,2,5,5,,,,,,,,5,4,,,5,1,5,3,5,,3,,3,,,5,,1,2,5,,4,,,,,5,,,,,,,,,,5,5,5,3,1,,,,3,,,2,5,,2,,1,,,,,4,,,,1,,,4,,,5,,4,,3,1,,,,2,,,2,,4,,,4,,1,,,,,5,,,5,5,,,5,,,1,,1,,,,5,,,,,5,4,,,,4,
75,3,,5,,,,5,,4,3,,,5,5,,2,,2,2,,1,,1,,5,,,,,5,4,,,,,,,,,2,3,,,1,,,,,,5,1,,1,,,,2,,,,1,,,,5,,2,4,,4,,,,5,5,5,4,,4,,,,4,,,4,,,,5,1,,,,,,4,2,,,,,4,,2,,3,5,4,,4,,,5,,,,,,,,,2,,2,1,,,3,,,2,,,,4,,,,4,,,1,,2,4,,,5,,5,3,,,,,4,,,,1,,,5,,5,5,2,,4,4,,4,1,5,,5,5,,5,,,,2,,,4,,,,3,,,,5,,5,4,,2
76,,1,2,1,,5,,5,,,,3,3,,,4,5,,,,,,4,,,5,,,3,,,4,,,,,2,3,4,,4,2,2,4,5,5,,5,5,,,,,,5,,,,4,,4,4,,5,2,5,,,,,,4,,,,,,4,,,,,,,,,,,,,4,,,4,5,,,4,,,2,4,3,5,,1,5,,2,,,2,5,,4,4,2,,2,,5,,4,5,4,4,,,5,,4,4,1,4,,,,,,3,,,4,5,,,,3,3,4,1,5,,5,5,5,3,4,,,4,,,1,,,3,4,,,,,3,,,,,,,,,,,,4,,,5,,,5,5,4,,1,,,,,4
77,,,1,,,5,,,,5,,,,,2,5,4,,5,,4,1,4,,,4,,2,,,,,2,,,,,2,4,,,,,4,,,,,4,,,,4,,5,5,,3,,,,5,5,4,,,5,1,,,2,4,,,,3,,5,,,4,,3,1,5,,5,,4,,5,,5,4,4,,,4,,4,,4,,5,5,,,,,2,,,5,,4,5,1,3,1,1,,,5,5,4,,,,,,4,4,3,,1,,,,,,,,,,4,3,,3,,,,,4,,,5,,,4,,,4,,,,,,5,5,,,,,,,,,,,,3,4,4,5,,,,,,,,,,,,,,2,3,
78,,,,1,,,,4,,,2,,,,,,,4,4,,5,3,5,,,5,,,,1,,,,,4,,,3,5,,4,,,,4,4,,,4,,5,,,,,5,5,,,,4,,,,,,,2,,,1,,,,,,,4,2,3,4,,,,5,,5,,4,,,5,4,,,,,,5,,,,,5,,3,,3,,,3,,5,3,,,3,,,1,5,5,,5,,5,,,,,,5,,,2,,,,,,,,,,,,,,,4,,4,4,4,5,4,,,,5,4,5,3,,,,,5,5,,,3,,5,,,,1,4,,1,4,5,,,5,,,,,,4,5,,,,,2,,5
79,2,,,4,,,,,,,5,,4,4,,,3,,,4,,,,,,,5,,,5,5,2,4,,,5,,4,2,,,4,,,,,,1,,5,,,,,,,3,,,,,,,,5,2,,,5,4,4,,,,4,,5,,,,,5,4,4,,4,,5,,,,,3,,3,4,,,,,5,3,,,,,,,4,,,,,,1,,5,,5,5,2,,1,,,3,1,5,3,4,,,4,,,4,5,4,4,5,,2,2,,,,1,4,4,,,,,,,2,,,2,,,2,,,5,,5,2,,5,5,,,1,4,5,,5,,5,5,,,3,,,,,,4,2,,,4,4,5,,4,4,
80,,,,,,,4,,,,5,,5,4,,,,,,4,,,3,,5,,5,,4,,4,,,,,5,4,5,3,,,,4,,,,,,1,,,4,1,,2,2,2,4,,3,,,,2,5,,,4,4,,,,5,,5,,5,,5,,,5,,,,,,4,,5,3,,,,,4,,,,,4,3,,,,4,2,5,5,,,5,,4,1,,5,5,,5,,1,,,,,2,5,,,,,4,3,,,,5,,,3,,,,,4,,,4,,5,,,,,,,,,,2,,5,4,4,4,,,,,5,4,5,,,,4,5,,,,,1,,,,,,5,,,,,,,5,5,4,,
81,,5,4,4,,,5,,,,,,,5,4,,,,1,,,4,,,,,,5,,,5,,5,,,,4,,,,,5,4,,,,,1,,4,2,5,,,,2,,,,,,,,,,,,,5,4,,,,,4,4,4,3,,5,1,,,4,2,,2,,,4,,,,,,5,5,3,3,,4,,5,,,5,,,,,4,5,2,,,1,5,,,5,,1,1,,,,2,5,,,,,,3,5,,5,,,,,,,,3,4,,5,,,,,1,,,,,,,,1,,5,,,4,,,,4,,4,,,5,4,4,,2,,,,,,,,,,,,,,,4,5,4,,5,,
82,4,2,,,1,5,,5,,,,3,,3,,4,4,5,5,1,5,,5,2,1,4,2,,,,,5,,5,,,,,5,,5,,1,,,4,,5,,2,,,4,,,,,,,4,5,4,5,,,4,,,,,,,,3,,2,3,5,,,,2,3,1,4,2,,3,,,,,,4,5,,3,,4,5,,5,,4,,,,,,,,2,,1,5,,,,3,,,,,,5,,,1,,3,,,,,1,,,,,,,5,5,,,,5,,3,,,,,4,,5,,4,4,4,5,,2,2,,2,3,5,,,1,,,,2,3,,2,4,1,3,,,,5,,,,,3,4,,,,,2,,,1,4
83,4,,,3,,,1,4,,,,,3,,,,5,5,5,1,5,,4,3,,,,,,,,,,5,4,,3,,,5,5,,,5,,,,,,,,,5,,4,5,,,5,4,5,4,,,2,5,5,,3,,,,3,,,,,,,,,,,,,,,,,,4,,,5,4,1,1,4,5,,,,,4,,2,5,,,1,2,,5,1,4,4,,3,,,5,,,5,,4,,3,4,,,,,4,,,3,,,,4,,5,4,5,,5,3,,,,4,,,5,4,1,,,,,,,2,,,,4,,,3,,3,,,,,,,,,4,4,,5,5,,,2,,,4,4,,,,2,2,,
84,,,,,,4,,,1,5,2,3,,,,4,,4,,3,,,,,,5,,,,2,,,,,,,1,,5,,4,,,5,,,4,5,5,3,5,,4,,,4,,3,4,,4,,4,,2,4,4,,,,2,,,,,,,5,,,4,3,,1,4,1,4,,,,4,,5,4,4,2,2,4,,,,5,1,5,5,,,,1,,,,4,,,5,,2,,,,,,,5,4,4,,,,,4,,,3,,1,2,1,,5,4,5,,,,5,,,4,,4,4,4,5,,,5,4,5,,,,,,,,,,,,,,,,,,1,4,,,,,,5,4,,,,,,5,4,,,,1,,,5
85,,4,4,,,,5,1,,,5,,4,5,,,,2,,,,4,,,,,,,,,5,,5,,,,4,,,,3,,4,,,,,,,5,,,,,,,1,4,,1,,,2,,,,2,,,,,,5,5,4,,4,,5,,,4,,,,,,4,,,3,,2,2,,,4,,,3,5,,4,,,4,,4,5,,4,4,3,,,,,4,5,,,,2,2,3,,3,4,,,3,,4,3,,4,4,,4,5,,,,,3,5,,4,,,,,,2,,2,,,,,,,,,,,,,,,,,,,,4,,,,,5,,,,,1,5,1,4,5,,,1,5,4,,5,,,
86,4,,,2,,4,,,,,,,,,1,,4,4,4,,,3,,,,,,2,,1,,4,1,,5,1,,1,4,5,,1,,4,5,5,,5,,,5,2,,,5,,,,4,4,5,,5,4,,,,,,,,4,,,,,2,,,3,,,3,,4,,4,,,,,5,5,5,,,,,,,,,1,5,,,4,,,,,,5,,,,3,,,3,,5,,,,,4,1,5,,,,1,4,,,,,,,,,,,,2,,,,5,,4,,,5,,,4,,,4,5,,,,,,4,,,2,,1,5,2,,,,,,,5,4,,,,1,5,,,5,,,,,,,,2,4
87,5,3,2,,,,,,,,,,,,3,,,4,4,,5,,,,,,3,,,,,5,,5,5,,,,5,5,,,,5,,5,,,,,5,,,4,,,4,,,,5,,,4,2,,,,,,3,5,,,,2,,,,,,1,,,4,1,4,,,2,5,,,4,,,3,4,,5,,,,5,4,,4,,,,,,4,,,,,1,,,,5,4,4,5,,4,,5,,4,,,4,3,,2,,,,,5,5,4,,,5,,,,,,,,5,,,4,,4,,4,2,3,,2,,,,3,,,,4,,2,,,,,2,,5,4,4,,,4,,,,5,,,,2,,3,,4
88,5,,,1,,,,,2,,,,2,,1,,4,4,4,3,,,4,,,,1,2,,3,,4,,,5,3,3,,4,,5,,,,5,,,,,,,1,,4,5,5,4,,,,4,4,5,,,,,1,3,,2,4,3,,3,,1,,1,,4,,,,,,4,2,4,,4,,4,,,3,,5,,,,5,,,5,3,,2,,,,,5,,5,,2,1,,,,5,,5,4,5,,,4,,4,4,,4,,,,3,,,,,4,5,,,5,,,4,,,,5,,,1,,4,,5,4,2,,3,3,,,,,1,3,,5,,,3,,,,,4,4,,,4,,,,,4,,5,,,,,3,,5
89,5,,3,,,4,1,4,1,,2,,,,,5,5,,4,,5,1,,2,,,,,,,,,,4,,,,,4,5,5,,,4,5,4,5,,4,3,,,4,4,,,,,,,5,5,5,5,,,,3,2,,,5,,3,,,,,1,1,,,3,,,,4,,,,,,,5,,,,4,5,,,4,,5,,,,,,,,,,,5,,,,2,,,,5,,4,5,,,,,4,,2,,,,,,,2,,5,4,4,5,,,,,,,,4,,4,,,,4,4,5,4,,,,,,,4,3,,,,4,2,,2,,5,,,4,4,,,,,5,,,,,4,3,1,,,,,5
90,,,,,,5,,,1,,,,,1,,,,,4,,5,,,,3,4,,,,1,3,,,,,,1,,4,,,2,3,4,,,4,5,5,,,3,,4,5,5,4,,5,5,,,4,,,4,5,,,2,,,,,,2,,,,3,5,,,,4,,,1,4,2,,,,,,2,,,5,5,3,,,,,1,5,,,,,,5,3,,4,,,2,,,,4,,5,4,,,5,1,4,,,,,3,2,,,,,4,,,5,,,,3,,2,,4,,4,5,3,4,,5,,,,,,,,4,,1,2,,3,5,1,2,,,,,3,4,,5,5,,,,3,,,4,4,2,,,2,,,
91,,,,,,,,,,,,,3,,1,,5,,4,2,,2,,,,5,,,,,,,,,4,,,,5,,5,3,,4,4,,,4,4,,5,,,5,,5,,1,4,,4,4,5,,,,5,,,,,,,,3,1,,4,,,,,,,5,,5,,,,5,,,,,1,1,,,5,,5,,,4,3,,,,,,,,,,4,2,,2,,,5,,,4,,,1,,,,,,5,,1,3,,,,5,5,,4,,,,,1,,2,,5,5,,5,,,,,,5,,1,,,2,,5,,1,,,5,,,,2,5,,3,,4,5,,,,5,3,,4,4,,2,,,,,,5
92,,5,,5,,,4,,4,,,4,,4,,2,3,,1,,,,,,5,,,,,4,,2,,,,,4,4,,,,,4,,,2,,3,1,5,,,,1,,,,4,,,,1,,,,1,3,,,,4,,4,5,,5,,,5,,3,4,5,,,4,3,5,,4,3,,,2,,,4,,,,4,,4,,,,,4,4,,,,,5,3,,4,,,,,,,,,,1,5,,4,,,5,1,,4,,4,5,,,,,,,,,5,5,3,,,,2,,,,,1,,1,1,,4,,,,,,4,4,5,,,,5,,5,,5,,,,,,1,5,,,5,1,,,,4,4,4,4,4,
93,4,,,3,,5,,5,,,,,,,1,,,4,5,,,,4,,,5,,,2,,,,,,4,,3,,,4,,,,5,4,4,,4,,,,1,,,,4,,,4,,,,5,,,,5,,,,2,4,,,,,,,,3,,,2,,4,,5,,,1,4,5,,,5,3,,,4,,,,2,,,,,1,,,,,4,,,4,,2,,,5,4,5,5,,,,,4,,,5,,4,,,3,,,,,4,,,5,2,4,,,,,,,5,4,,,5,,5,,,,,,1,,4,5,,,2,,,,,,,,,,,5,4,4,4,,,,3,4,,4,,3,,,,,5
94,,3,,,,4,,,,,,,,,,4,5,,,2,5,,,,3,5,3,,,1,,,,5,4,,,,,,,,,4,5,,,,,,,,,5,,,4,,5,,,5,4,5,,,,2,,1,,,,,,,,5,,,5,,,,,,,,,,5,4,,,,3,,4,5,4,,4,,,,1,,,,,,,4,,4,,3,,,,,,,,5,,,,4,3,,,,,,,,,1,,5,4,,,5,,,,,4,,4,5,,,,1,5,,,,,,,,2,,4,,3,,,,4,,,,,,,,,4,,5,,,,,,4,,5,,,,,,,
95,,5,,,4,3,,,5,3,,,5,4,,,,,2,5,,,,4,,3,4,,5,4,5,,4,,,5,5,,,3,,5,5,,3,,,,,,,5,2,2,,,,5,,,,1,,,4,,1,,4,,5,3,,,5,,5,,5,,,5,,5,2,,,4,,4,,3,,3,,4,,,,,5,,4,,1,4,2,5,,4,5,,,4,3,,5,,,4,,,,1,,,,,,5,,,4,1,,5,,,5,5,,,,,3,,,,5,,,3,,,,,,,2,,,,,4,5,,4,3,3,,,,,,4,,5,5,1,4,,1,,,,,,,,,3,,,,4,,,5,,
96,,,4,5,,,,,,,,,5,5,,,,,,,,4,,,4,,,5,,4,,,4,,,5,5,,,3,,5,5,,,,,,,,1,,1,,3,,,,,,,2,,,5,,,4,5,,4,3,4,,4,4,,,,,,,4,5,3,,,5,,5,,3,,,2,5,,,,,,,5,,3,5,,,5,5,,,,5,,,,,4,4,2,,,1,,,,,2,4,3,,,,5,4,5,5,,,,1,,,3,5,3,,5,,4,,2,,3,1,,,,,,,5,5,4,,5,,3,4,,,5,,,,4,,,,,3,,,,,,,,,2,,,,5,5,5,5,,
97,,,,,,,3,4,,4,,1,3,2,3,,5,,,,,,5,,,,2,,,,,4,,,,,,,,,,,,,5,5,4,5,,,5,,,5,,5,,3,4,,,5,,,,,5,1,,,1,,,,,,,4,,,5,,3,,4,,,,,,5,4,,,5,,,5,,,,,,,,,5,1,,,,3,4,,4,5,,,,,5,5,4,,,5,,3,4,,4,5,,,,1,,2,,,5,5,,,,3,,,,4,2,,5,,4,,,,4,5,5,,,,,,,,4,,,,,5,,2,,,5,1,2,,,,4,4,,,,,5,4,,,,1,1,,,
98,,,,3,,,1,,,4,,,,3,,,4,5,4,,4,,4,2,,,,3,,,,,,,5,2,,,5,,4,1,3,,,4,4,4,5,,,3,5,4,,4,4,,,5,,,4,,,5,,,,,3,,,,,,,,3,,5,,,1,,,5,,5,1,,5,,4,5,3,1,,,,,4,,5,4,,,,3,,,3,4,,5,,,,,,5,,,4,5,,4,,4,,4,,,4,2,1,3,,,,4,5,,5,4,3,,,,,,5,,5,,,,,4,4,4,4,,2,3,,,,5,1,,2,,4,,1,,,4,,,4,5,5,5,,,4,2,,,,4,1,2,1,,,1,
99,,,5,,,3,5,,4,1,5,,,,4,,,1,1,,,4,1,5,5,,5,4,,,,,,,1,5,,,,,,,4,3,,,1,,,,3,,2,,,,2,5,,,,,,3,,2,,,,4,4,,4,,,,5,,5,,1,4,4,5,3,,,4,1,4,,,,,,,,,,3,5,,,,,,,,5,4,5,,3,,2,3,,,5,,,2,,,,2,,5,,,,,5,2,4,,5,,,,,,,,,4,,5,5,,5,2,,,,3,,,,3,,1,,4,,,4,,1,,4,4,,1,,,5,5,,4,5,,3,,1,,,,4,4,3,1,2,4,,,,5,5,
100,4,,2,,,5,,4,,4,2,3,,,,,4,,5,,5,,5,,,4,,,,1,,,1,,5,,,,,,,3,,,5,5,4,5,,,5,,,,,4,4,,5,4,4,4,4,5,2,5,5,,,,3,5,3,,,,3,4,,,4,,,,,,5,,4,,,5,5,4,,,1,,4,4,,4,,4,4,,5,,,,,1,,,5,5,,2,,,4,,,4,,,,,4,,5,5,,,3,,3,3,,,,5,5,5,5,,5,1,,,3,4,4,5,5,,,,,5,4,5,,,,1,,,5,,1,,,5,,,,,,,,,,4,,4,,,2,2,5,4,,,,,,,,5
